Workbook

Sheet Nasıl Kullanılır
B2: Altman Z ve Beneish M Hesap Şablonu, CCOLA
B3: Bilanço Okuma Eğitimi, ek materyal 5
B5: 1. Girdi sayfasında her satırın yanında rakamı tablonun hangi kaleminden alacağınız ve hangi bileşende kullanıldığı yazıyor.
B6: 2. En az iki ardışık yıl girin. Beneish M her yılı bir önceki yılla kıyasladığı için ilk dönem sütununda hesaplanmaz.
B7: 3. Tutarları aynı birimde girin (şablon milyon TL varsayıyor). Giderleri pozitif girin.
B8: 4. Altman Z orijinal modeli halka açık sanayi şirketleri için geliştirildi. Hizmet, ticaret ve gelişmekte olan piyasa şirketlerinde Z'' modeline de bakın.
B9: 5. Beneish M 8 değişkenli modeldir. -1,78 eşiğinin üzeri kar manipülasyonu olasılığının yüksek olduğu bölgedir. Bazı kaynaklar daha temkinli -2,22 eşiğini kullanır.
B10: 6. Bu iki skor tarama aracıdır, hüküm değildir. Eşiği aşan şirkette hangi endeksin skoru yükselttiğine bakın ve ilgili dipnotu okuyun.
B11: 7. TMS 29 uygulayan şirketlerde bilanço rakamları raporlama tarihinin satın alma gücüyle ifade edilir. Piyasa değerini de aynı alım gücüne taşımak için endeksleme katsayısını kullanın, aksi halde X4 bozulur.
B12: 8. Bankalar, sigorta şirketleri ve holdingler için bu modeller uygun değildir.
B15: Renk kodları
B16: Mavi yazı, sarı zemin | C16: Sizin dolduracağınız girdi hücresi
B17: Siyah yazı | C17: Formül, elle değiştirmeyin
B18: Yeşil yazı | C18: Başka sayfadan gelen bağlantı

Sheet Girdi
A1: Girdi Tablosu (milyon TL), CCOLA
A2: Sarı hücreleri doldurun. En eski dönem solda.
A4: Girdi | B4: Finansal tablo kalemi | C4: Dönem 1 | D4: Dönem 2 | E4: Dönem 3 | G4: Kullanıldığı yer
A5: Dönem adı | C5: 2023/12 | D5: 2024/12 | E5: 2025/12
A6: BİLANÇO
A7: Toplam dönen varlıklar | B7: Bilanço, Toplam Dönen Varlıklar | C7: 107387.3 | D7: 93650.2 | E7: 86689.8 | G7: Altman X1, Beneish AQI
A8: Toplam varlıklar | B8: Bilanço, Toplam Varlıklar | C8: 245149.8 | D8: 228628.7 | E8: 224653.2 | G8: Altman tümü, Beneish AQI TATA LVGI
A9: Toplam kısa vadeli yükümlülükler | B9: Bilanço, Toplam Kısa Vadeli Yükümlülükler | C9: 92373.3 | D9: 81674.5 | E9: 75172.7 | G9: Altman X1 X4, Beneish LVGI
A10: Toplam uzun vadeli yükümlülükler | B10: Bilanço, Toplam Uzun Vadeli Yükümlülükler | C10: 52732.4 | D10: 51923.1 | E10: 47470.2 | G10: Altman X4
A11: Uzun vadeli finansal borçlar | B11: Bilanço, UV Yükümlülükler, Finansal Borçlar | C11: 42230.5 | D11: 42756 | E11: 38320.2 | G11: Beneish LVGI
A12: Toplam özkaynaklar (defter değeri) | B12: Bilanço, Toplam Özkaynaklar | C12: 100044.1 | D12: 95031 | E12: 102010.3 | G12: Altman Z'' X4
A13: Geçmiş yıllar karları (zararları) | B13: Bilanço, Özkaynaklar, Geçmiş Yıllar Kar/Zararları | C13: 41928.9 | D13: 82948.1 | E13: 100643.1 | G13: Altman X2
A14: Dönem net karı (bilançodaki) | B14: Bilanço, Özkaynaklar, Dönem Net Kar/Zararı | C14: 45799.1 | D14: 22833.1 | E14: 16571.3 | G14: Altman X2
A15: Ticari alacaklar | B15: Bilanço, Dönen Varlıklar, Ticari Alacaklar | C15: 19616.1 | D15: 19928.7 | E15: 22415.4 | G15: Beneish DSRI
A16: Maddi duran varlıklar (net) | B16: Bilanço, Duran Varlıklar, Maddi Duran Varlıklar | C16: 78412.3 | D16: 83628.7 | E16: 87067.8 | G16: Beneish AQI DEPI
A17: Finansal yatırımlar (KV + UV) | B17: Bilanço, Finansal Yatırımlar (dönen ve duran toplamı) | C17: 836.3 | D17: 147.6 | E17: 261.6 | G17: Beneish AQI
A18: GELİR TABLOSU (giderleri pozitif girin)
A19: Hasılat | B19: Gelir Tablosu, Hasılat | C19: 224863.6 | D19: 212222.4 | E19: 220428.3 | G19: Altman X5, Beneish DSRI GMI SGI SGAI
A20: Satışların maliyeti | B20: Gelir Tablosu, Satışların Maliyeti (-) | C20: 151335.7 | D20: 137327 | E20: 142037.9 | G20: Beneish GMI
A21: Genel yönetim giderleri | B21: Gelir Tablosu, Genel Yönetim Giderleri (-) | C21: 9512.1 | D21: 11505.4 | E21: 11908.2 | G21: Beneish SGAI
A22: Pazarlama, satış ve dağıtım giderleri | B22: Gelir Tablosu, Pazarlama Giderleri (-) | C22: 32347.1 | D22: 35081.1 | E22: 36722.6 | G22: Beneish SGAI
A23: Faiz ve vergi öncesi kar (FVÖK, EBIT) | B23: Gelir Tablosu, Finansman Geliri (Gideri) Öncesi Faaliyet Karı | C23: 32116.9 | D23: 28987.3 | E23: 29554 | G23: Altman X3
A24: Sürdürülen faaliyetler dönem karı | B24: Gelir Tablosu, Sürdürülen Faaliyetler Dönem Karı | C24: 47091.5 | D24: 22953.5 | E24: 16796.5 | G24: Beneish TATA
A25: NAKİT AKIŞ TABLOSU
A26: Amortisman ve itfa payları | B26: Nakit Akış Tablosu, Amortisman ve İtfa Gideri ile İlgili Düzeltmeler | C26: 8205.8 | D26: 8904.3 | E26: 8994.7 | G26: Beneish DEPI
A27: İşletme faaliyetlerinden nakit akışı | B27: Nakit Akış Tablosu, A. İşletme Faaliyetlerinden Nakit Akışları | C27: 27913.2 | D27: 25812.9 | E27: 32235.8 | G27: Beneish TATA
A28: PİYASA VERİSİ
A29: Yıl sonu piyasa değeri (nominal) | B29: Bilanço tarihindeki kapanış fiyatı x Pay adedi | C29: 129607 | D29: 164275.2 | E29: 164527 | G29: Altman X4
A30: Piyasa değeri endeksleme katsayısı | B30: TMS 29 uygulanmıyorsa 1. Uygulanıyorsa tabloların satın alma gücü tarihine taşıyan TÜFE katsayısı | C30: 2.2254 | D30: 1.5414 | E30: 1.1776 | G30: Altman X4
A31: TÜRETİLEN KALEMLER (formül)
A32: Piyasa değeri (tablo alım gücüyle) | C32: =IF(C8="","",C29*C30) -> 288427.42 | D32: =IF(D8="","",D29*D30) -> 253213.79 | E32: =IF(E8="","",E29*E30) -> 193747
A33: Toplam yükümlülükler | C33: =IF(C8="","",C9+C10) -> 145105.7 | D33: =IF(D8="","",D9+D10) -> 133597.6 | E33: =IF(E8="","",E9+E10) -> 122642.9
A34: Dağıtılmamış karlar | C34: =IF(C8="","",C13+C14) -> 87728 | D34: =IF(D8="","",D13+D14) -> 105781.2 | E34: =IF(E8="","",E13+E14) -> 117214.4
A35: Net çalışma sermayesi | C35: =IF(C8="","",C7-C9) -> 15014 | D35: =IF(D8="","",D7-D9) -> 11975.7 | E35: =IF(E8="","",E7-E9) -> 11517.1
A36: Satış, genel ve yönetim giderleri | C36: =IF(C8="","",C21+C22) -> 41859.2 | D36: =IF(D8="","",D21+D22) -> 46586.5 | E36: =IF(E8="","",E21+E22) -> 48630.8
A38: Kaynak KAP finansal tabloları ve BIST kapanış fiyatları, Fintables üzerinden 05.10.2026 tarihinde alındı. Tablolar 2026/06 alım gücüyle endekslidir.

Sheet Altman Z
A1: Altman Z Skoru, CCOLA
A2: Tüm hücreler formüldür.
A4: Bileşen | B4: Tanım | C4: Dönem 1 | D4: Dönem 2 | E4: Dönem 3 | F4: Katsayı
C5: =IF(Girdi!C5="","",Girdi!C5) -> 2023/12 | D5: =IF(Girdi!D5="","",Girdi!D5) -> 2024/12 | E5: =IF(Girdi!E5="","",Girdi!E5) -> 2025/12
A6: ORİJİNAL MODEL (1968, halka açık sanayi şirketi)
A7: X1 | B7: Net çalışma sermayesi / Toplam varlıklar | C7: =IFERROR(Girdi!C35/Girdi!C8,"") -> 0.061244186 | D7: =IFERROR(Girdi!D35/Girdi!D8,"") -> 0.052380563 | E7: =IFERROR(Girdi!E35/Girdi!E8,"") -> 0.051266129 | F7: 1.2
A8: X2 | B8: Dağıtılmamış karlar / Toplam varlıklar | C8: =IFERROR(Girdi!C34/Girdi!C8,"") -> 0.35785467 | D8: =IFERROR(Girdi!D34/Girdi!D8,"") -> 0.46267682 | E8: =IFERROR(Girdi!E34/Girdi!E8,"") -> 0.52175709 | F8: 1.4
A9: X3 | B9: FVÖK / Toplam varlıklar | C9: =IFERROR(Girdi!C23/Girdi!C8,"") -> 0.13100928 | D9: =IFERROR(Girdi!D23/Girdi!D8,"") -> 0.12678767 | E9: =IFERROR(Girdi!E23/Girdi!E8,"") -> 0.13155388 | F9: 3.3
A10: X4 | B10: Piyasa değeri / Toplam yükümlülükler | C10: =IFERROR(Girdi!C32/Girdi!C33,"") -> 1.9877056 | D10: =IFERROR(Girdi!D32/Girdi!D33,"") -> 1.8953469 | E10: =IFERROR(Girdi!E32/Girdi!E33,"") -> 1.5797653 | F10: 0.6
A11: X5 | B11: Hasılat / Toplam varlıklar | C11: =IFERROR(Girdi!C19/Girdi!C8,"") -> 0.91724978 | D11: =IFERROR(Girdi!D19/Girdi!D8,"") -> 0.92824042 | E11: =IFERROR(Girdi!E19/Girdi!E8,"") -> 0.98119368 | F11: 1
A12: Z skoru | B12: 1,2 X1 + 1,4 X2 + 3,3 X3 + 0,6 X4 + 1,0 X5 | C12: =IF(C7="","",SUMPRODUCT(C7:C11,$F$7:$F$11)) -> 3.1166934 | D12: =IF(D7="","",SUMPRODUCT(D7:D11,$F$7:$F$11)) -> 3.1944521 | E12: =IF(E7="","",SUMPRODUCT(E7:E11,$F$7:$F$11)) -> 3.1551599
A13: Bölge | B13: 2,99 üzeri güvenli, 1,81 ile 2,99 arası gri, 1,81 altı tehlike | C13: =IF(C12="","",IF(C12>2.99,"Güvenli",IF(C12>=1.81,"Gri","Tehlike"))) -> Güvenli | D13: =IF(D12="","",IF(D12>2.99,"Güvenli",IF(D12>=1.81,"Gri","Tehlike"))) -> Güvenli | E13: =IF(E12="","",IF(E12>2.99,"Güvenli",IF(E12>=1.81,"Gri","Tehlike"))) -> Güvenli
A15: Z'' MODELİ (1995, üretim dışı ve gelişmekte olan piyasa şirketleri)
A16: X1 | B16: Net çalışma sermayesi / Toplam varlıklar | C16: =C7 -> 0.061244186 | D16: =D7 -> 0.052380563 | E16: =E7 -> 0.051266129 | F16: 6.56
A17: X2 | B17: Dağıtılmamış karlar / Toplam varlıklar | C17: =C8 -> 0.35785467 | D17: =D8 -> 0.46267682 | E17: =E8 -> 0.52175709 | F17: 3.26
A18: X3 | B18: FVÖK / Toplam varlıklar | C18: =C9 -> 0.13100928 | D18: =D9 -> 0.12678767 | E18: =E9 -> 0.13155388 | F18: 6.72
A19: X4 | B19: Özkaynak defter değeri / Toplam yükümlülükler | C19: =IFERROR(Girdi!C12/Girdi!C33,"") -> 0.68945672 | D19: =IFERROR(Girdi!D12/Girdi!D33,"") -> 0.71132266 | E19: =IFERROR(Girdi!E12/Girdi!E33,"") -> 0.83176686 | F19: 1.05
A20: Z'' skoru | B20: 6,56 X1 + 3,26 X2 + 6,72 X3 + 1,05 X4 | C20: =IF(C16="","",SUMPRODUCT(C16:C19,$F$16:$F$19)) -> 3.17268 | D20: =IF(D16="","",SUMPRODUCT(D16:D19,$F$16:$F$19)) -> 3.4508449 | E20: =IF(E16="","",SUMPRODUCT(E16:E19,$F$16:$F$19)) -> 3.7946312
A21: Bölge | B21: 2,60 üzeri güvenli, 1,10 ile 2,60 arası gri, 1,10 altı tehlike | C21: =IF(C20="","",IF(C20>2.6,"Güvenli",IF(C20>=1.1,"Gri","Tehlike"))) -> Güvenli | D21: =IF(D20="","",IF(D20>2.6,"Güvenli",IF(D20>=1.1,"Gri","Tehlike"))) -> Güvenli | E21: =IF(E20="","",IF(E20>2.6,"Güvenli",IF(E20>=1.1,"Gri","Tehlike"))) -> Güvenli
A23: Katsayılar Altman (1968) ve Altman (1995) çalışmalarından alınmıştır.
A24: Dağıtılmamış karlar burada Geçmiş yıllar karları ile Dönem net karının toplamı olarak alınır. Kısıtlanmış yedekleri eklemek isteyen Girdi sayfasında Geçmiş yıllar satırına ekleyebilir.
A25: TMS 29 altında özkaynak kalemleri yeniden ifade edildiği için X2 enflasyon öncesi yıllara göre farklı davranabilir. Trendi aynı muhasebe rejimi içinde kıyaslayın.

Sheet Beneish M
A1: Beneish M Skoru (8 değişkenli), CCOLA
A2: Her sütun bir önceki dönemle kıyaslanır, Dönem 1 sütunu bu yüzden boş kalır.
A4: Endeks | B4: Formül | C4: Dönem 1 | D4: Dönem 2 | E4: Dönem 3 | F4: Katsayı | G4: 1'in üzerindeyse ne düşünmeli
C5: =IF(Girdi!C5="","",Girdi!C5) -> 2023/12 | D5: =IF(Girdi!D5="","",Girdi!D5) -> 2024/12 | E5: =IF(Girdi!E5="","",Girdi!E5) -> 2025/12
A6: DSRI | B6: (Alacak t / Satış t) / (Alacak t-1 / Satış t-1) | C6: - | D6: =IF(OR(Girdi!C8="",Girdi!D8=""),"",IFERROR((Girdi!D15/Girdi!D19)/(Girdi!C15/Girdi!C19),"")) -> 1.0764509 | E6: =IF(OR(Girdi!D8="",Girdi!E8=""),"",IFERROR((Girdi!E15/Girdi!E19)/(Girdi!D15/Girdi!D19),"")) -> 1.0829076 | F6: 0.92 | G6: Alacaklar satışlardan hızlı büyüyor, gelir öne çekilmiş olabilir.
A7: GMI | B7: Brüt marj t-1 / Brüt marj t | C7: - | D7: =IF(OR(Girdi!C8="",Girdi!D8=""),"",IFERROR(((Girdi!C19-Girdi!C20)/Girdi!C19)/((Girdi!D19-Girdi!D20)/Girdi!D19),"")) -> 0.92655047 | E7: =IF(OR(Girdi!D8="",Girdi!E8=""),"",IFERROR(((Girdi!D19-Girdi!D20)/Girdi!D19)/((Girdi!E19-Girdi!E20)/Girdi!E19),"")) -> 0.99235804 | F7: 0.528 | G7: Brüt marj daralıyor, yönetim üzerinde baskı artar.
A8: AQI | B8: [1 - (Dönen + MDV + Fin. yat.) / TV] t / aynı oran t-1 | C8: - | D8: =IF(OR(Girdi!C8="",Girdi!D8=""),"",IFERROR((1-(Girdi!D7+Girdi!D16+Girdi!D17)/Girdi!D8)/(1-(Girdi!C7+Girdi!C16+Girdi!C17)/Girdi!C8),"")) -> 0.93827549 | E8: =IF(OR(Girdi!D8="",Girdi!E8=""),"",IFERROR((1-(Girdi!E7+Girdi!E16+Girdi!E17)/Girdi!E8)/(1-(Girdi!D7+Girdi!D16+Girdi!D17)/Girdi!D8),"")) -> 1.0064026 | F8: 0.404 | G8: Somut olmayan, aktifleştirilmiş varlıkların payı artıyor.
A9: SGI | B9: Satış t / Satış t-1 | C9: - | D9: =IF(OR(Girdi!C8="",Girdi!D8=""),"",IFERROR(Girdi!D19/Girdi!C19,"")) -> 0.94378281 | E9: =IF(OR(Girdi!D8="",Girdi!E8=""),"",IFERROR(Girdi!E19/Girdi!D19,"")) -> 1.0386665 | F9: 0.892 | G9: Hızlı büyüme manipülasyon baskısı yaratabilir. Enflasyonda reel tablolara bakın.
A10: DEPI | B10: [Amort / (Amort + MDV)] t-1 / aynı oran t | C10: - | D10: =IF(OR(Girdi!C8="",Girdi!D8=""),"",IFERROR((Girdi!C26/(Girdi!C26+Girdi!C16))/(Girdi!D26/(Girdi!D26+Girdi!D16)),"")) -> 0.98448507 | E10: =IF(OR(Girdi!D8="",Girdi!E8=""),"",IFERROR((Girdi!D26/(Girdi!D26+Girdi!D16))/(Girdi!E26/(Girdi!E26+Girdi!E16)),"")) -> 1.0277094 | F10: 0.115 | G10: Amortisman oranı düşmüş, faydalı ömürler uzatılmış olabilir.
A11: SGAI | B11: (SGA t / Satış t) / (SGA t-1 / Satış t-1) | C11: - | D11: =IF(OR(Girdi!C8="",Girdi!D8=""),"",IFERROR((Girdi!D36/Girdi!D19)/(Girdi!C36/Girdi!C19),"")) -> 1.1792261 | E11: =IF(OR(Girdi!D8="",Girdi!E8=""),"",IFERROR((Girdi!E36/Girdi!E19)/(Girdi!D36/Girdi!D19),"")) -> 1.0050211 | F11: -0.172 | G11: Faaliyet giderleri satışa göre artıyor, verimlilik düşüyor.
A12: TATA | B12: (Sürdürülen faaliyet karı t - İşletme nakit akışı t) / TV t | C12: - | D12: =IF(OR(Girdi!C8="",Girdi!D8=""),"",IFERROR((Girdi!D24-Girdi!D27)/Girdi!D8,"")) -> -0.012506741 | E12: =IF(OR(Girdi!D8="",Girdi!E8=""),"",IFERROR((Girdi!E24-Girdi!E27)/Girdi!E8,"")) -> -0.068725039 | F12: 4.679 | G12: Pozitif ve yüksekse kar nakitle desteklenmiyor, tahakkuk ağırlıklı.
A13: LVGI | B13: [(KVYK + UV fin. borç) / TV] t / aynı oran t-1 | C13: - | D13: =IF(OR(Girdi!C8="",Girdi!D8=""),"",IFERROR(((Girdi!D9+Girdi!D11)/Girdi!D8)/((Girdi!C9+Girdi!C11)/Girdi!C8),"")) -> 0.99122061 | E13: =IF(OR(Girdi!D8="",Girdi!E8=""),"",IFERROR(((Girdi!E9+Girdi!E11)/Girdi!E8)/((Girdi!D9+Girdi!D11)/Girdi!D8),"")) -> 0.92823937 | F13: -0.327 | G13: Kaldıraç artıyor, borç sözleşmesi baskısı oluşabilir.
A14: Sabit | F14: -4.84
A15: M skoru | B15: -4,84 + 0,920 DSRI + 0,528 GMI + 0,404 AQI + 0,892 SGI + 0,115 DEPI - 0,172 SGAI + 4,679 TATA - 0,327 LVGI | C15: - | D15: =IF(COUNT(D6:D13)<8,"",$F$14+SUMPRODUCT(D6:D13,$F$6:$F$13)) -> -2.6117882 | E15: =IF(COUNT(E6:E13)<8,"",$F$14+SUMPRODUCT(E6:E13,$F$6:$F$13)) -> -2.6664586
A16: Eşik | B16: Beneish (1999) 8 değişkenli model eşiği. Temkinli kullanım için -2,22 yazabilirsiniz. | F16: -1.78
A17: Sonuç | C17: - | D17: =IF(D15="","",IF(D15>$F$16,"Riskli bölge","Eşiğin altında")) -> Eşiğin altında | E17: =IF(E15="","",IF(E15>$F$16,"Riskli bölge","Eşiğin altında")) -> Eşiğin altında
A19: Katsayılar Beneish (1999), The Detection of Earnings Manipulation, Financial Analysts Journal çalışmasından alınmıştır.
A20: Model ABD şirketleri verisiyle kalibre edilmiştir. Yüksek enflasyon ve kur oynaklığı SGI, GMI ve DSRI endekslerini manipülasyon olmadan da şişirebilir.
A21: Sonucu tek başına kullanmayın. Eşiği aşan durumda en yüksek katkıyı yapan endeksi bulun ve Kırmızı Bayrak Kontrol Listesi ile birlikte değerlendirin.
